_id,uuid,status
5885864dbebc58b0fe92b093020673db,3YTJMH497,Participant Registration-es-DUPLICATE-BY-PHP
5885864dbebc58b0fe92b093020dd84e,E6EVF478$,Participant Registration-es-DUPLICATE-BY-PHP
5885864dbebc58b0fe92b09302206ff4,TQETZJVH7,Participant Registration-es-ELIMINATE-BY-PHP
5885864dbebc58b0fe92b093022e1c75,BXN2ZPDE6,Participant Registration-es-DUPLICATE-BY-PHP
5885864dbebc58b0fe92b09302278c69,F91R0DNFS,Participant Registration-es-DUPLICATE-BY-PHP
5885864dbebc58b0fe92b0930228adc1,2926KPZA~,Participant Registration-es-DUPLICATE-BY-PHP
5885864dbebc58b0fe92b0930234ac4c,P51PW23DR,COMPLETED
5885864dbebc58b0fe92b0930270ff83,TQ023VFGJ,COMPLETED
5885864dbebc58b0fe92b0930275fed0,PB4GP475N,Participant Registration-es-ELIMINATE-BY-PHP
5885864dbebc58b0fe92b093028391ae,5YAKENW1U,Participant Registration-es-DUPLICATE-BY-PHP
5885864dbebc58b0fe92b093029a7307,SE65AT5VM,Participant Registration-es-ELIMINATE-BY-PHP
5885864dbebc58b0fe92b09302ba2161,RD2TYY3KJ,Participant Registration-es-DUPLICATE-BY-PHP
5885864dbebc58b0fe92b09302a4e6ec,VQX2P1PR7,Participant Registration-es-ELIMINATE-BY-PHP
5885864dbebc58b0fe92b09302f2762f,C6WES8VB6,Participant Registration-es-DUPLICATE-BY-PHP
5885864dbebc58b0fe92b09302f9c54e,0J5B6B93~,Participant Registration-es-DUPLICATE-BY-PHP
5885864dbebc58b0fe92b09302f9c826,N5RR9NDYJ,Participant Registration-es-ELIMINATE-BY-PHP
caccbfda3fc8bff8f77cd12a4900a8bb,5FX98MK9~,COMPLETED
caccbfda3fc8bff8f77cd12a49224daf,9MXX5MVTZ,Participant Registration-es-DUPLICATE-BY-PHP
caccbfda3fc8bff8f77cd12a49518e59,GYQ17FP32,Participant Registration-es-DUPLICATE-BY-PHP
caccbfda3fc8bff8f77cd12a49643599,6JCPKCNQ9,Participant Registration-es-DUPLICATE-BY-PHP
caccbfda3fc8bff8f77cd12a4964428c,NGY5PJHNC,COMPLETED
caccbfda3fc8bff8f77cd12a4964a6c5,RP5MTAT1Z,Participant Registration-es-DUPLICATE-BY-PHP
caccbfda3fc8bff8f77cd12a497522bf,YKVY56KAA,COMPLETED
caccbfda3fc8bff8f77cd12a49780248,4ECJ9BQG4,Participant Registration-es-ELIMINATE-BY-PHP
caccbfda3fc8bff8f77cd12a498e0e2c,034TQ3JTZ,Participant Registration-es-DUPLICATE-BY-PHP
caccbfda3fc8bff8f77cd12a4996c82a,7F4QRCV26,Participant Registration-es-DUPLICATE-BY-PHP
caccbfda3fc8bff8f77cd12a4997e265,XBMJ0PNMP,Participant Registration-es-DUPLICATE-BY-PHP
caccbfda3fc8bff8f77cd12a49976795,GCGJNATE6,Participant Registration-es-DUPLICATE-BY-PHP
caccbfda3fc8bff8f77cd12a49a92122,E33PFZXBU,COMPLETED
caccbfda3fc8bff8f77cd12a49ae3b90,ENT7FEZT1,Participant Registration-es-DUPLICATE-BY-PHP
caccbfda3fc8bff8f77cd12a49bc7144,9D35VB94S,Participant Registration-es-DUPLICATE-BY-PHP
caccbfda3fc8bff8f77cd12a49f961d6,CQR55VV05,Participant Registration-es-DUPLICATE-BY-PHP
caccbfda3fc8bff8f77cd12a49e64475,DHDBN4V8~,Participant Registration-es-ELIMINATE-BY-PHP
caccbfda3fc8bff8f77cd12a49e9cbec,2BRNK9GXK,COMPLETED
caccbfda3fc8bff8f77cd12a49ec731d,1NVZE1SQQ,COMPLETED
caccbfda3fc8bff8f77cd12a49f74ee5,9NKRKAXHR,Participant Registration-es-DUPLICATE-BY-PHP
73d00067a1ed9db65a951ac078068aa3,E2RZDRVVZ,Participant Registration-es-DUPLICATE-BY-PHP
73d00067a1ed9db65a951ac07826b540,B1GG6DE5Q,Participant Registration-es-DUPLICATE-BY-PHP
73d00067a1ed9db65a951ac07825a1c2,VDKTK84PH,Participant Registration-es-DUPLICATE-BY-PHP
73d00067a1ed9db65a951ac07835afe7,CHSEPSSP0,Participant Registration-es-DUPLICATE-BY-PHP
73d00067a1ed9db65a951ac0782d10ce,63TQKQVMZ,Participant Registration-es-DUPLICATE-BY-PHP
73d00067a1ed9db65a951ac0783e11f5,088VP820P,Participant Registration-es-DUPLICATE-BY-PHP
73d00067a1ed9db65a951ac0784de58d,DNCTPGDM*,Participant Registration-es-DUPLICATE-BY-PHP
73d00067a1ed9db65a951ac078598389,A9MEH3S5H,Participant Registration-es-DUPLICATE-BY-PHP
73d00067a1ed9db65a951ac0785cc5a0,700VF1ST0,Participant Registration-es-DUPLICATE-BY-PHP
73d00067a1ed9db65a951ac0785855ed,CNT71MG0S,Participant Registration-es-DUPLICATE-BY-PHP
73d00067a1ed9db65a951ac078723de7,KDHM8Z6XM,Participant Registration-es-DUPLICATE-BY-PHP
73d00067a1ed9db65a951ac07876b48f,9H3QEM91Z,Participant Registration-es-DUPLICATE-BY-PHP
73d00067a1ed9db65a951ac0787da5d5,83JQF5MMZ,COMPLETED
73d00067a1ed9db65a951ac0788da45f,QQQQ7VY49,Participant Registration-es-DUPLICATE-BY-PHP
73d00067a1ed9db65a951ac07896068b,QXRQMC2AH,COMPLETED
73d00067a1ed9db65a951ac0788cc289,VXHW2EQBM,Participant Registration-es-ELIMINATE-BY-PHP
73d00067a1ed9db65a951ac0789f0f94,CR4C9A359,Participant Registration-es-DUPLICATE-BY-PHP
73d00067a1ed9db65a951ac078a82b2e,ZJX72ABD2,Participant Registration-es-DUPLICATE-BY-PHP
73d00067a1ed9db65a951ac078d26ba1,6FWP3WCT6,Participant Registration-es-ELIMINATE-BY-PHP
73d00067a1ed9db65a951ac078d2e782,TRD6B8H2*,Participant Registration-es-DUPLICATE-BY-PHP
73d00067a1ed9db65a951ac078e5c2f6,BXQJXBQCG,Participant Registration-es-ELIMINATE-BY-PHP
73d00067a1ed9db65a951ac078f2e3d6,550M1CDE9,Participant Registration-es-ELIMINATE-BY-PHP
5da3d85fe00e8cd9e1427dc8d6049aba,J3J6S3A2J,Participant Registration-es-DUPLICATE-BY-PHP
5da3d85fe00e8cd9e1427dc8d61fd20e,WHKTEHPMR,Participant Registration-es-DUPLICATE-BY-PHP
5da3d85fe00e8cd9e1427dc8d622ccdd,Y6FZZA0BA,Participant Registration-es-DUPLICATE-BY-PHP
5da3d85fe00e8cd9e1427dc8d622c4d7,R2PXNE8Z=,Participant Registration-es-DUPLICATE-BY-PHP
5da3d85fe00e8cd9e1427dc8d62bfcff,6D6A0GDHQ,Participant Registration-es-DUPLICATE-BY-PHP
5da3d85fe00e8cd9e1427dc8d628e533,0JBJGQ7D9,COMPLETED
5da3d85fe00e8cd9e1427dc8d62e1357,KW60S0P51,Participant Registration-es-DUPLICATE-BY-PHP
5da3d85fe00e8cd9e1427dc8d63c2087,4TKVSZ6XP,Participant Registration-es-DUPLICATE-BY-PHP
5da3d85fe00e8cd9e1427dc8d64091ff,RFFQE6NN~,Participant Registration-es-ELIMINATE-BY-PHP
5da3d85fe00e8cd9e1427dc8d650733b,AJ1C9HR9Y,Participant Registration-es-ELIMINATE-BY-PHP
5da3d85fe00e8cd9e1427dc8d665f4b1,VG8XCX094,Participant Registration-es-ELIMINATE-BY-PHP
5da3d85fe00e8cd9e1427dc8d665cf5d,YC19DQ7PY,Participant Registration-es-DUPLICATE-BY-PHP
5da3d85fe00e8cd9e1427dc8d66c1206,J7X3D2JSD,COMPLETED
5da3d85fe00e8cd9e1427dc8d670cae3,DE72R6YHZ,Participant Registration-es-DUPLICATE-BY-PHP
5da3d85fe00e8cd9e1427dc8d68633ab,50TT1TX58,COMPLETED
5da3d85fe00e8cd9e1427dc8d691d70b,160SVT7XZ,Participant Registration-es-ELIMINATE-BY-PHP
5da3d85fe00e8cd9e1427dc8d6935665,JT56XNZ9B,Participant Registration-es-ELIMINATE-BY-PHP
5da3d85fe00e8cd9e1427dc8d699653f,H5NHCP3D0,Participant Registration-es-ELIMINATE-BY-PHP
5da3d85fe00e8cd9e1427dc8d69c2735,GSKSXV14H,Participant Registration-es-DUPLICATE-BY-PHP
5da3d85fe00e8cd9e1427dc8d69f0fb0,MJABQYJBA,Participant Registration-es-DUPLICATE-BY-PHP
5da3d85fe00e8cd9e1427dc8d6b496ed,80YQ2DG7~,COMPLETED
5da3d85fe00e8cd9e1427dc8d6aecb1e,DQZFVC2KZ,Participant Registration-es-DUPLICATE-BY-PHP
5da3d85fe00e8cd9e1427dc8d6c59f38,TCX15ZN5Z,COMPLETED
5da3d85fe00e8cd9e1427dc8d6d3b41e,H8V7632Q2,Participant Registration-es-DUPLICATE-BY-PHP
5da3d85fe00e8cd9e1427dc8d6d59968,T8RSTZFBE,Participant Registration-es-DUPLICATE-BY-PHP
5da3d85fe00e8cd9e1427dc8d6d762eb,5AA84V6MM,Participant Registration-es-ELIMINATE-BY-PHP
5da3d85fe00e8cd9e1427dc8d6dd0e2f,BR72BFW0M,Participant Registration-es-ELIMINATE-BY-PHP
5da3d85fe00e8cd9e1427dc8d6dd7d10,25Q39MY8~,COMPLETED
5da3d85fe00e8cd9e1427dc8d6e7f861,C8MJVDHPA,Participant Registration-es-DUPLICATE-BY-PHP
5da3d85fe00e8cd9e1427dc8d6f2679c,697K7HY8J,Participant Registration-es-DUPLICATE-BY-PHP
5da3d85fe00e8cd9e1427dc8d6eee0e6,KJ03W2SYU,Participant Registration-es-DUPLICATE-BY-PHP
5da3d85fe00e8cd9e1427dc8d6ff8bd8,7B8K29SNR,Participant Registration-es-DUPLICATE-BY-PHP
4d8e0ce3cd314420991f391c33021239,53RE7RVC6,Participant Registration-es-DUPLICATE-BY-PHP
4d8e0ce3cd314420991f391c330671cc,7VFSM1QAB,Participant Registration-es-DUPLICATE-BY-PHP
4d8e0ce3cd314420991f391c33152584,GSGK7ZJTY,Participant Registration-es-DUPLICATE-BY-PHP
4d8e0ce3cd314420991f391c331aca85,FMQHD8JCQ,Participant Registration-es-ELIMINATE-BY-PHP
4d8e0ce3cd314420991f391c33203334,BWJVMSTD=,COMPLETED
4d8e0ce3cd314420991f391c3327b330,WX1JCXHGZ,COMPLETED
4d8e0ce3cd314420991f391c3339198a,4EV7N0D5J,COMPLETED
4d8e0ce3cd314420991f391c334c9d8a,1KKXKP5R=,COMPLETED
4d8e0ce3cd314420991f391c334c243c,WHEWVE6CV,COMPLETED
4d8e0ce3cd314420991f391c334f544c,DXFCG1FSE,Participant Registration-es-ELIMINATE-BY-PHP
4d8e0ce3cd314420991f391c335680d1,XC55JTFJZ,Participant Registration-es-DUPLICATE-BY-PHP
4d8e0ce3cd314420991f391c3366bc90,7J3PD4K1G,Participant Registration-es-ELIMINATE-BY-PHP
4d8e0ce3cd314420991f391c33674283,HC8HDPQF1,Participant Registration-es-DUPLICATE-BY-PHP
4d8e0ce3cd314420991f391c335d3d8f,A3GXZJ4T5,Participant Registration-es-ELIMINATE-BY-PHP
4d8e0ce3cd314420991f391c3368193a,956QD7CTW,Participant Registration-es-DUPLICATE-BY-PHP
4d8e0ce3cd314420991f391c336a67ce,N5SA5Q1R*,Participant Registration-es-ELIMINATE-BY-PHP
4d8e0ce3cd314420991f391c3370e0a7,VTDP4CD25,COMPLETED
4d8e0ce3cd314420991f391c3374c58a,5NK7TN9DY,Participant Registration-es-ELIMINATE-BY-PHP
4d8e0ce3cd314420991f391c33727b07,9X0D4RH5E,COMPLETED
4d8e0ce3cd314420991f391c337df110,5CMQ8QWY0,Participant Registration-es-DUPLICATE-BY-PHP
4d8e0ce3cd314420991f391c33ae34c3,PS7CKDZC=,Participant Registration-es-DUPLICATE-BY-PHP
4d8e0ce3cd314420991f391c33a66fe9,BYKPWYECN,COMPLETED
4d8e0ce3cd314420991f391c33a8f4d0,GQZS4P8Z8,Participant Registration-es-ELIMINATE-BY-PHP
4d8e0ce3cd314420991f391c33b31b90,AXQZBHG00,COMPLETED
d3d193f23d655e81ba8881f56003d69b,E5Q3XAMA5,Participant Registration-es-DUPLICATE-BY-PHP
d3d193f23d655e81ba8881f560092d6b,5CKCF2KJT,COMPLETED
d3d193f23d655e81ba8881f56010703a,H5MDK18XY,Participant Registration-es-ELIMINATE-BY-PHP
d3d193f23d655e81ba8881f560066852,BW1T121XC,Participant Registration-es-ELIMINATE-BY-PHP
d3d193f23d655e81ba8881f56019c1ae,0Y9SFT91Z,Participant Registration-es-DUPLICATE-BY-PHP
d3d193f23d655e81ba8881f5601fc3fc,2Z56GY6E3,Participant Registration-es-DUPLICATE-BY-PHP
4d8e0ce3cd314420991f391c33b645c9,84TW3ZF15,Participant Registration-es-ELIMINATE-BY-PHP
d3d193f23d655e81ba8881f5602bb459,0XP9YJ0GZ,COMPLETED
d3d193f23d655e81ba8881f5603c682e,ZP5DGD9CP,Participant Registration-es-DUPLICATE-BY-PHP
d3d193f23d655e81ba8881f5603df114,PDSDPG5RV,Participant Registration-es-ELIMINATE-BY-PHP
d3d193f23d655e81ba8881f5603e0a3b,VK84RS04C,COMPLETED
d3d193f23d655e81ba8881f5603dc460,RZVV7J3T1,Participant Registration-es-DUPLICATE-BY-PHP
d3d193f23d655e81ba8881f560460070,CZ7QDVKQ2,COMPLETED
d3d193f23d655e81ba8881f5604b0eb5,P7Z7RH49J,Participant Registration-es-DUPLICATE-BY-PHP
d3d193f23d655e81ba8881f56056538d,GH9T5STF8,Participant Registration-es-DUPLICATE-BY-PHP
d3d193f23d655e81ba8881f560662832,FSCS7285S,COMPLETED
d3d193f23d655e81ba8881f560568981,X64BHZZNM,Participant Registration-es-DUPLICATE-BY-PHP
d3d193f23d655e81ba8881f56071601d,ZESYR31Z0,Participant Registration-es-DUPLICATE-BY-PHP
d3d193f23d655e81ba8881f56086509a,RYC69SNTG,Participant Registration-es-DUPLICATE-BY-PHP
d3d193f23d655e81ba8881f56090f42c,6ZKTGF4X3,COMPLETED
d3d193f23d655e81ba8881f5609d291c,BTNYQ7WVH,COMPLETED
d3d193f23d655e81ba8881f560aa2dae,3XY8RTT5Q,Participant Registration-es-DUPLICATE-BY-PHP
d3d193f23d655e81ba8881f560b3bafe,4HWBZ55VW,COMPLETED
d3d193f23d655e81ba8881f560bd07c0,8W6WANSBU,Participant Registration-es-DUPLICATE-BY-PHP
d3d193f23d655e81ba8881f560dd537e,KXM4GNE99,Participant Registration-es-DUPLICATE-BY-PHP
d3d193f23d655e81ba8881f560e274ce,JNV6ZX0KY,Participant Registration-es-DUPLICATE-BY-PHP
d3d193f23d655e81ba8881f560ec543b,0CBVMWTMU,Participant Registration-es-DUPLICATE-BY-PHP
d3d193f23d655e81ba8881f560f1181f,QTX64C9A8,Participant Registration-es-DUPLICATE-BY-PHP
d3d193f23d655e81ba8881f560f7ee8c,MZA442CYJ,Participant Registration-es-DUPLICATE-BY-PHP
9c656fafd309369b2a710b05b8060c99,FCNSMPQ48,COMPLETED
9c656fafd309369b2a710b05b806670f,F0F9BBDW4,Participant Registration-es-ELIMINATE-BY-PHP
9c656fafd309369b2a710b05b8114263,5K34EY97D,COMPLETED
9c656fafd309369b2a710b05b833954b,N8T8V9NDV,Participant Registration-es-DUPLICATE-BY-PHP
9c656fafd309369b2a710b05b834d361,SYDZH5F0D,Participant Registration-es-DUPLICATE-BY-PHP
9c656fafd309369b2a710b05b8412ab7,2FP1E94E~,Participant Registration-es-DUPLICATE-BY-PHP
9c656fafd309369b2a710b05b83d1edd,SYJZ70R1A,COMPLETED
9c656fafd309369b2a710b05b8597833,HX7VJ21P8,Participant Registration-es-DUPLICATE-BY-PHP
9c656fafd309369b2a710b05b861b03e,BKC1N3T2B,COMPLETED
9c656fafd309369b2a710b05b87a02b0,MKF38HVV9,Participant Registration-es-ELIMINATE-BY-PHP
9c656fafd309369b2a710b05b879b83e,XWB58ARZ=,Participant Registration-es-ELIMINATE-BY-PHP
9c656fafd309369b2a710b05b87e72b8,F7GJ2B8RV,COMPLETED
9c656fafd309369b2a710b05b87e8af5,MTWWJRFW9,COMPLETED
9c656fafd309369b2a710b05b895b16b,P7PFNKQY9,COMPLETED
9c656fafd309369b2a710b05b8b2315e,AV83N8NTJ,Participant Registration-es-ELIMINATE-BY-PHP
9c656fafd309369b2a710b05b8c472ca,K2KGRD3MV,Participant Registration-es-DUPLICATE-BY-PHP
9c656fafd309369b2a710b05b8c9d54a,GF7TC6CC*,Participant Registration-es-DUPLICATE-BY-PHP
9c656fafd309369b2a710b05b8cb4def,X2BGQ130A,Participant Registration-es-ELIMINATE-BY-PHP
9c656fafd309369b2a710b05b8cc41ca,EJKKDQ42~,COMPLETED
9c656fafd309369b2a710b05b8d32d1f,2CMTAA65~,Participant Registration-es-ELIMINATE-BY-PHP
9c656fafd309369b2a710b05b8d76996,WEJV23HDS,COMPLETED
9c656fafd309369b2a710b05b8d9d604,W2FBFCJPJ,Participant Registration-es-DUPLICATE-BY-PHP
2162c69106f78c5f7c28c4287f09f567,Q2T7QNEFT,COMPLETED
2162c69106f78c5f7c28c4287f039726,961A2D0MG,Participant Registration-es-DUPLICATE-BY-PHP
2162c69106f78c5f7c28c4287f0e25f3,9YC4Q1NK9,COMPLETED
2162c69106f78c5f7c28c4287f14d3bb,QAZA72S80,Participant Registration-es-DUPLICATE-BY-PHP
2162c69106f78c5f7c28c4287f18dd86,Q6DXDFP6~,COMPLETED
2162c69106f78c5f7c28c4287f1cd65d,V8PXT52JW,Participant Registration-es-ELIMINATE-BY-PHP
2162c69106f78c5f7c28c4287f2126a1,A29Z4MJXP,COMPLETED
2162c69106f78c5f7c28c4287f1dd806,YB5Q301E0,Participant Registration-es-DUPLICATE-BY-PHP
2162c69106f78c5f7c28c4287f2234f7,4JKNXCHNY,COMPLETED
2162c69106f78c5f7c28c4287f242778,99GGG517P,COMPLETED
2162c69106f78c5f7c28c4287f2426d3,F5PQFKQRB,Participant Registration-es-DUPLICATE-BY-PHP
2162c69106f78c5f7c28c4287f25aa3c,VQZP4B4N1,COMPLETED
2162c69106f78c5f7c28c4287f294e8e,DGKN5V2WA,Participant Registration-es-DUPLICATE-BY-PHP
2162c69106f78c5f7c28c4287f2a31a1,J96WFPGFN,Participant Registration-es-DUPLICATE-BY-PHP
2162c69106f78c5f7c28c4287f323975,0A46MGN84,Participant Registration-es-DUPLICATE-BY-PHP
2162c69106f78c5f7c28c4287f358d89,57TRK4N5$,Participant Registration-es-DUPLICATE-BY-PHP
2162c69106f78c5f7c28c4287f43b001,W4NCY7YJG,Participant Registration-es-DUPLICATE-BY-PHP
2162c69106f78c5f7c28c4287f491790,8DFP2F3PA,COMPLETED
2162c69106f78c5f7c28c4287f681a81,TC5XZ4NQ9,Participant Registration-es-DUPLICATE-BY-PHP
2162c69106f78c5f7c28c4287f7de4e0,E2B6RYK6*,Participant Registration-es-DUPLICATE-BY-PHP
2162c69106f78c5f7c28c4287f80cdae,JXCQ4CVKC,Participant Registration-es-DUPLICATE-BY-PHP
2162c69106f78c5f7c28c4287f925829,QQBR3R33W,Participant Registration-es-DUPLICATE-BY-PHP
2162c69106f78c5f7c28c4287f99ea78,1GABC2MB~,Participant Registration-es-DUPLICATE-BY-PHP
2162c69106f78c5f7c28c4287fa98464,CWJCZNX1J,Participant Registration-es-DUPLICATE-BY-PHP
2162c69106f78c5f7c28c4287fb1198c,EZ2BX7Q53,COMPLETED
2162c69106f78c5f7c28c4287fb94750,ZDT91T9XQ,Participant Registration-es-ELIMINATE-BY-PHP
2162c69106f78c5f7c28c4287fb6eb9b,Z6ZSJK3W5,Participant Registration-es-ELIMINATE-BY-PHP
d304fab7c129f1cb368f88176c022faf,WWHFZMA2W,COMPLETED
d304fab7c129f1cb368f88176c198a4e,655D1BZ2Z,Participant Registration-es-DUPLICATE-BY-PHP
d304fab7c129f1cb368f88176c2a5dd7,ECH5D753Q,Participant Registration-es-ELIMINATE-BY-PHP
d304fab7c129f1cb368f88176c2a6492,Q2YXYNQ2A,Participant Registration-es-DUPLICATE-BY-PHP
d304fab7c129f1cb368f88176c2bf078,NS4H9E3MV,Participant Registration-es-DUPLICATE-BY-PHP
d304fab7c129f1cb368f88176c2d74e7,ACQC3Q7X3,Participant Registration-es-DUPLICATE-BY-PHP
d304fab7c129f1cb368f88176c2bfaf8,1XG91W1DN,COMPLETED
d304fab7c129f1cb368f88176c31d9a8,J7TDRYVT8,Participant Registration-es-ELIMINATE-BY-PHP
d304fab7c129f1cb368f88176c3228cb,91STTKJT~,Participant Registration-es-ELIMINATE-BY-PHP
d304fab7c129f1cb368f88176c428e63,6542NSDVG,Participant Registration-es-DUPLICATE-BY-PHP
d304fab7c129f1cb368f88176c42e856,MTSH7PYC6,Participant Registration-es-DUPLICATE-BY-PHP
d304fab7c129f1cb368f88176c4a8a0d,JDJ7MPVA0,COMPLETED
d304fab7c129f1cb368f88176c466adc,67X3CWKAP,COMPLETED
d304fab7c129f1cb368f88176c58f09c,26DJ0EGBJ,Participant Registration-es-DUPLICATE-BY-PHP
d304fab7c129f1cb368f88176c6db562,CRGWA6TG4,Participant Registration-es-ELIMINATE-BY-PHP
d304fab7c129f1cb368f88176c6dee2c,WP15P2TP1,Participant Registration-es-ELIMINATE-BY-PHP
d304fab7c129f1cb368f88176c717650,T04BHCX47,Participant Registration-es-ELIMINATE-BY-PHP
d304fab7c129f1cb368f88176c7253b7,GEBNRKBKZ,Participant Registration-es-DUPLICATE-BY-PHP
d304fab7c129f1cb368f88176c72be2a,FW44MCRJM,Participant Registration-es-DUPLICATE-BY-PHP
d304fab7c129f1cb368f88176c7eef3e,SEP7NR51W,Participant Registration-es-DUPLICATE-BY-PHP
d304fab7c129f1cb368f88176c7f597d,D32Y7B285,COMPLETED
d304fab7c129f1cb368f88176c8cf1f5,VTSFXZ4ZW,Participant Registration-es-DUPLICATE-BY-PHP
2162c69106f78c5f7c28c4287f715fcc,TN4GKKEG8,Participant Registration-es-DUPLICATE-BY-PHP
d304fab7c129f1cb368f88176c8d4ec3,KN9RP7B29,Participant Registration-es-DUPLICATE-BY-PHP
d304fab7c129f1cb368f88176c9463c1,KZB1W9SNJ,COMPLETED
d304fab7c129f1cb368f88176c976e14,5H3N84J3B,Participant Registration-es-DUPLICATE-BY-PHP
d304fab7c129f1cb368f88176c998240,QKHM9MX0S,COMPLETED
d304fab7c129f1cb368f88176ca4ae8f,BCSX99CP9,COMPLETED
d304fab7c129f1cb368f88176ca7f149,EDKY5WG0=,Participant Registration-es-DUPLICATE-BY-PHP
d304fab7c129f1cb368f88176cbb77ba,VJDAK88DR,Participant Registration-es-DUPLICATE-BY-PHP
d304fab7c129f1cb368f88176cc16487,PRG9XKZXN,Participant Registration-es-DUPLICATE-BY-PHP
d304fab7c129f1cb368f88176cd9ff07,XN1G5SNEJ,Participant Registration-es-DUPLICATE-BY-PHP
d304fab7c129f1cb368f88176ced2d75,WQMVQ9Y4M,COMPLETED
c2bfed32351ce0f0d40ace4aa7162081,5BPAP2CKN,COMPLETED
c2bfed32351ce0f0d40ace4aa719482a,JFYT58MWS,Participant Registration-es-ELIMINATE-BY-PHP
c2bfed32351ce0f0d40ace4aa71e4e8c,PDBHK7PXQ,COMPLETED
c2bfed32351ce0f0d40ace4aa727bc08,0X7P3V5M0,COMPLETED
c2bfed32351ce0f0d40ace4aa74bf60c,Y1NBHBM5B,Participant Registration-es-DUPLICATE-BY-PHP
0dabf23dc10dfee2abdcfec3d50080d8,519VTG36M,Participant Registration-es-DUPLICATE-BY-PHP
0dabf23dc10dfee2abdcfec3d543fd39,Q3PZV2RMS,Participant Registration-es-DUPLICATE-BY-PHP
0dabf23dc10dfee2abdcfec3d57b5dde,1QHZ535VE,Participant Registration-es-DUPLICATE-BY-PHP
0dabf23dc10dfee2abdcfec3d584df76,D93JV92RA,Participant Registration-es-DUPLICATE-BY-PHP
0dabf23dc10dfee2abdcfec3d587ee5a,C9KBXK5HN,Participant Registration-es-DUPLICATE-BY-PHP
0dabf23dc10dfee2abdcfec3d5a8ee39,TAMXPNE32,Participant Registration-es-DUPLICATE-BY-PHP
0dabf23dc10dfee2abdcfec3d5aafc43,YMX9V24P9,Participant Registration-es-DUPLICATE-BY-PHP
0dabf23dc10dfee2abdcfec3d5c3b9c5,H332NXBY0,Participant Registration-es-ELIMINATE-BY-PHP
0dabf23dc10dfee2abdcfec3d5cf4396,NY0F3CN9H,Participant Registration-es-DUPLICATE-BY-PHP
0dabf23dc10dfee2abdcfec3d5f715ff,XK4WG1DAY,Participant Registration-es-ELIMINATE-BY-PHP
55e0cb1447e85b578aef8936380bd449,CM5DZ646D,Participant Registration-es-DUPLICATE-BY-PHP
55e0cb1447e85b578aef8936381d1280,35SVRE3SA,Participant Registration-es-ELIMINATE-BY-PHP
55e0cb1447e85b578aef893638227186,X7RR9014$,COMPLETED
55e0cb1447e85b578aef89363823f78a,VFXHP5B6~,Participant Registration-es-DUPLICATE-BY-PHP
55e0cb1447e85b578aef893638343cbc,HBVZDSN3H,COMPLETED
55e0cb1447e85b578aef89363850a311,XGKXD6WCH,Participant Registration-es-ELIMINATE-BY-PHP
55e0cb1447e85b578aef8936386f689e,B8X1VCC0*,Participant Registration-es-DUPLICATE-BY-PHP
55e0cb1447e85b578aef89363888112d,9DB3ENT0J,COMPLETED
55e0cb1447e85b578aef89363890acad,N1KHP5QZB,Participant Registration-es-ELIMINATE-BY-PHP
55e0cb1447e85b578aef893638e43f16,MHS6HEXX3,COMPLETED
55e0cb1447e85b578aef893638f27ebd,KKBW2TZDB,Participant Registration-es-DUPLICATE-BY-PHP
08726d6d62a97f298bb1cb75bf096aeb,QDC8T4EKZ,Participant Registration-es-DUPLICATE-BY-PHP
08726d6d62a97f298bb1cb75bf1a8b15,HTPGJKCWZ,Participant Registration-es-DUPLICATE-BY-PHP
08726d6d62a97f298bb1cb75bf151195,1X90VG9BS,Participant Registration-es-DUPLICATE-BY-PHP
08726d6d62a97f298bb1cb75bf4d54c3,RBDRG0P11,COMPLETED
08726d6d62a97f298bb1cb75bf61f57f,JSXBKYAPJ,COMPLETED
08726d6d62a97f298bb1cb75bf913cd9,D1BYM7689,Participant Registration-es-DUPLICATE-BY-PHP
08726d6d62a97f298bb1cb75bf914c72,4W6AQGABP,COMPLETED
08726d6d62a97f298bb1cb75bf9a23ba,B5QCKV3DA,Participant Registration-es-ELIMINATE-BY-PHP
08726d6d62a97f298bb1cb75bf9153bd,RY34PXH0F,Participant Registration-es-DUPLICATE-BY-PHP
08726d6d62a97f298bb1cb75bfd4fda2,KQSGM2AA3,Participant Registration-es-DUPLICATE-BY-PHP
08726d6d62a97f298bb1cb75bffbf599,8MASJNF37,Participant Registration-es-DUPLICATE-BY-PHP
a47a64d86342541217e0dac1604ab6e8,54CYPH6S1,Participant Registration-es-DUPLICATE-BY-PHP
a47a64d86342541217e0dac1604f790b,AEV91W8AR,Participant Registration-es-DUPLICATE-BY-PHP
a47a64d86342541217e0dac16057f824,03NFZ207G,Participant Registration-es-DUPLICATE-BY-PHP
a47a64d86342541217e0dac1606cc86a,52TNPE4M3,Participant Registration-es-ELIMINATE-BY-PHP
a47a64d86342541217e0dac1606ce48a,FAKSH5H3U,COMPLETED
a47a64d86342541217e0dac1606db621,FR4TYFF64,Participant Registration-es-ELIMINATE-BY-PHP
a47a64d86342541217e0dac16075173b,0Y86K67HU,Participant Registration-es-DUPLICATE-BY-PHP
a47a64d86342541217e0dac16072949d,HA4PP10GA,Participant Registration-es-DUPLICATE-BY-PHP
a47a64d86342541217e0dac1607b048b,1JH8GFKRD,Participant Registration-es-DUPLICATE-BY-PHP
a47a64d86342541217e0dac1609400b1,YT6W1AG1P,Participant Registration-es-ELIMINATE-BY-PHP
4a6f01de6efee74fc35ea27abe3edcfa,A3HWXBVMM,COMPLETED
4a6f01de6efee74fc35ea27abe68d498,ZWTHGHDV*,Participant Registration-es-ELIMINATE-BY-PHP
4a6f01de6efee74fc35ea27abe4a501c,1RH4MTKNF,Participant Registration-es-DUPLICATE-BY-PHP
4a6f01de6efee74fc35ea27abe55d8b4,3F395D5E9,Participant Registration-es-DUPLICATE-BY-PHP
4a6f01de6efee74fc35ea27abe5e1ef9,2AWJ3ZW2A,Participant Registration-es-DUPLICATE-BY-PHP
4a6f01de6efee74fc35ea27abe8293c5,M028Z68QD,Participant Registration-es-DUPLICATE-BY-PHP
0fabb7d2ae8378f36c4609bdc402dc44,PJMRMF3PQ,Participant Registration-es-DUPLICATE-BY-PHP
0fabb7d2ae8378f36c4609bdc41b4920,9ZZ5RXERC,COMPLETED
0fabb7d2ae8378f36c4609bdc40c4109,0G022BDYA,Participant Registration-es-DUPLICATE-BY-PHP
0fabb7d2ae8378f36c4609bdc40825ae,BY3XPFNMN,COMPLETED
0fabb7d2ae8378f36c4609bdc42ac348,MJ9PNACFT,Participant Registration-es-DUPLICATE-BY-PHP
0fabb7d2ae8378f36c4609bdc42b0ef1,1VFBCYJTH,COMPLETED
0fabb7d2ae8378f36c4609bdc42045e7,TJHBKPKA3,COMPLETED
0fabb7d2ae8378f36c4609bdc42058ca,WWF5ZSZR~,Participant Registration-es-DUPLICATE-BY-PHP
0fabb7d2ae8378f36c4609bdc431b69a,B37CGTACK,COMPLETED
0fabb7d2ae8378f36c4609bdc436464c,E2YWWZ9Z=,Participant Registration-es-ELIMINATE-BY-PHP
0fabb7d2ae8378f36c4609bdc4468979,GX3BM2BP6,Participant Registration-es-DUPLICATE-BY-PHP
0fabb7d2ae8378f36c4609bdc449cfee,10B6TT5HC,Participant Registration-es-ELIMINATE-BY-PHP
0fabb7d2ae8378f36c4609bdc449cfe6,1MZKKPDJN,Participant Registration-es-DUPLICATE-BY-PHP
0fabb7d2ae8378f36c4609bdc44e37fe,3THN8EH6J,COMPLETED
0fabb7d2ae8378f36c4609bdc452c63e,X2XRB4QFF,COMPLETED
0fabb7d2ae8378f36c4609bdc467bcb1,FA7767JYM,Participant Registration-es-DUPLICATE-BY-PHP
0fabb7d2ae8378f36c4609bdc464c071,2EPBJREZ9,COMPLETED
0fabb7d2ae8378f36c4609bdc46c05b5,3RVBEWKMS,Participant Registration-es-DUPLICATE-BY-PHP
0fabb7d2ae8378f36c4609bdc47bb13e,05MJBZY47,Participant Registration-es-DUPLICATE-BY-PHP
0fabb7d2ae8378f36c4609bdc47b18bf,1MR7A86N2,Participant Registration-es-DUPLICATE-BY-PHP
0fabb7d2ae8378f36c4609bdc48459d7,V8W8CH93C,Participant Registration-es-DUPLICATE-BY-PHP
0fabb7d2ae8378f36c4609bdc4845521,FHGZT29V3,Participant Registration-es-DUPLICATE-BY-PHP
0fabb7d2ae8378f36c4609bdc47862e1,EAVM9JSTS,Participant Registration-es-DUPLICATE-BY-PHP
0fabb7d2ae8378f36c4609bdc496e717,XEPJ4J1E~,COMPLETED
0fabb7d2ae8378f36c4609bdc498ac5b,GTXTDBXT4,Participant Registration-es-DUPLICATE-BY-PHP
0fabb7d2ae8378f36c4609bdc49fd992,2NRRTR3XF,Participant Registration-es-DUPLICATE-BY-PHP
0fabb7d2ae8378f36c4609bdc4a87e48,S9J5DJ7WW,COMPLETED
0fabb7d2ae8378f36c4609bdc4d20a77,X5DW4TWK6,COMPLETED
0fabb7d2ae8378f36c4609bdc4d2c8f0,GYCTQ6HWQ,COMPLETED
0fabb7d2ae8378f36c4609bdc4d4f55b,0CYD8G45W,COMPLETED
0fabb7d2ae8378f36c4609bdc4e9ed3e,SH7VV4QMS,Participant Registration-es-ELIMINATE-BY-PHP
0fabb7d2ae8378f36c4609bdc4e3baa8,XMCQW7ZTJ,COMPLETED
0fabb7d2ae8378f36c4609bdc4e43bd2,12XFS9PQG,COMPLETED
0fabb7d2ae8378f36c4609bdc4fe8176,ZR0G8TGE3,Participant Registration-es-DUPLICATE-BY-PHP
0fabb7d2ae8378f36c4609bdc4e572c5,JN1PA7DSK,Participant Registration-es-DUPLICATE-BY-PHP
350704b54669b970f5750fd23b0866b6,M713SWS9~,COMPLETED
350704b54669b970f5750fd23b094bfe,Y9JG3H3MN,Participant Registration-es-DUPLICATE-BY-PHP
350704b54669b970f5750fd23b22fc63,7A7BYR13U,Participant Registration-es-DUPLICATE-BY-PHP
350704b54669b970f5750fd23b2bfd09,STHNXHN5B,Participant Registration-es-DUPLICATE-BY-PHP
350704b54669b970f5750fd23b5c2ed3,13NW8ZCGH,Participant Registration-es-DUPLICATE-BY-PHP
350704b54669b970f5750fd23b5ef823,PF38X24CS,Participant Registration-es-DUPLICATE-BY-PHP
350704b54669b970f5750fd23b6664a1,M6SM3VCMG,COMPLETED
350704b54669b970f5750fd23b5f0c9f,81BJ1R5C~,COMPLETED
350704b54669b970f5750fd23b7ba0e9,DX9Q83GYC,Participant Registration-es-DUPLICATE-BY-PHP
350704b54669b970f5750fd23b7f8ed4,2CNDY3KXG,Participant Registration-es-ELIMINATE-BY-PHP
350704b54669b970f5750fd23b7ffb87,4EQ60Z755,Participant Registration-es-DUPLICATE-BY-PHP
350704b54669b970f5750fd23b93fb65,DWEK2RQHC,COMPLETED
350704b54669b970f5750fd23b99c36b,DV8FE2JFG,Participant Registration-es-DUPLICATE-BY-PHP
350704b54669b970f5750fd23bac7b2d,7G0YV2KK7,COMPLETED
350704b54669b970f5750fd23bc74c5f,D4Q9DF1M=,Participant Registration-es-ELIMINATE-BY-PHP
350704b54669b970f5750fd23bd4d170,A86V8GEQD,Participant Registration-es-DUPLICATE-BY-PHP
350704b54669b970f5750fd23bd9302a,VNXN96MP2,COMPLETED
350704b54669b970f5750fd23be39d15,1NAE043NK,Participant Registration-es-DUPLICATE-BY-PHP
350704b54669b970f5750fd23beeefd7,VJ2T062DQ,COMPLETED
9ec2fa1841bd89ee70a5423b630d3358,CHKD4SZY3,COMPLETED
9ec2fa1841bd89ee70a5423b6313749f,DGZ9JV6WP,COMPLETED
9ec2fa1841bd89ee70a5423b631469cb,YK2DFHJCG,Participant Registration-es-ELIMINATE-BY-PHP
9ec2fa1841bd89ee70a5423b6325d44e,136ST57XC,Participant Registration-es-DUPLICATE-BY-PHP
9ec2fa1841bd89ee70a5423b6363f756,A5DXE7QVN,Participant Registration-es-DUPLICATE-BY-PHP
9ec2fa1841bd89ee70a5423b636d10e7,NBEKYHRH$,Participant Registration-es-DUPLICATE-BY-PHP
9ec2fa1841bd89ee70a5423b63798633,MKHT3K4T6,Participant Registration-es-DUPLICATE-BY-PHP
9ec2fa1841bd89ee70a5423b638b0edf,1XNXV5J69,COMPLETED
9ec2fa1841bd89ee70a5423b63aee3e3,N7DSYPEJB,Participant Registration-es-DUPLICATE-BY-PHP
9ec2fa1841bd89ee70a5423b63a4d21b,VQ4SKZDKS,COMPLETED
9ec2fa1841bd89ee70a5423b63bbf137,EGD4FN9GA,Participant Registration-es-ELIMINATE-BY-PHP
9ec2fa1841bd89ee70a5423b63d68e92,S80G5F2X9,COMPLETED
f6b175078daf2e8fa824fce4c1051906,XV8E367RD,COMPLETED
9ec2fa1841bd89ee70a5423b63fb6dfa,7FW1G3K7S,COMPLETED
9ec2fa1841bd89ee70a5423b63f685d9,TBPV226S2,COMPLETED
f6b175078daf2e8fa824fce4c1247222,2WNF03T8Y,COMPLETED
f6b175078daf2e8fa824fce4c12a917b,89GY064RD,Participant Registration-es-ELIMINATE-BY-PHP
f6b175078daf2e8fa824fce4c12af436,XRWZYVY7Z,COMPLETED
f6b175078daf2e8fa824fce4c136b8ab,BWBYKPY9M,Participant Registration-es-DUPLICATE-BY-PHP
f6b175078daf2e8fa824fce4c150694c,XWCJQ14CK,COMPLETED
f6b175078daf2e8fa824fce4c177a14d,M3FHBGVN0,Participant Registration-es-DUPLICATE-BY-PHP
f6b175078daf2e8fa824fce4c18100c1,R6QZ3ZRPD,Participant Registration-es-DUPLICATE-BY-PHP
f6b175078daf2e8fa824fce4c1ae6dfa,ZJ9YPS463,Participant Registration-es-DUPLICATE-BY-PHP
f6b175078daf2e8fa824fce4c1de7214,3NHVCQYXZ,Participant Registration-es-DUPLICATE-BY-PHP
f6b175078daf2e8fa824fce4c1e2db03,5VXB6AFVA,Participant Registration-es-ELIMINATE-BY-PHP
d83360efa00e4a607b624f6e1a039e18,7FM0KPJGM,Participant Registration-es-ELIMINATE-BY-PHP
d83360efa00e4a607b624f6e1a1d5445,K6YR4X9YZ,COMPLETED
d83360efa00e4a607b624f6e1a152928,P3MDX5863,Participant Registration-es-DUPLICATE-BY-PHP
d83360efa00e4a607b624f6e1a16e285,KTGWHAHJQ,COMPLETED
d83360efa00e4a607b624f6e1a39413c,YMJJ7PYAN,COMPLETED
d83360efa00e4a607b624f6e1a3bd633,6KCFGM6CN,Participant Registration-es-DUPLICATE-BY-PHP
d83360efa00e4a607b624f6e1a4c1078,R1ET76SY8,COMPLETED
d83360efa00e4a607b624f6e1a67641d,XVNQ8H59Y,Participant Registration-es-DUPLICATE-BY-PHP
d83360efa00e4a607b624f6e1a955a79,EHEEDR71S,Participant Registration-es-DUPLICATE-BY-PHP
d83360efa00e4a607b624f6e1a9d7b2c,HB280J7MU,COMPLETED
d83360efa00e4a607b624f6e1aa2ed45,64DD2YT0~,Participant Registration-es-DUPLICATE-BY-PHP
d83360efa00e4a607b624f6e1aa3d823,M3QRQVFD*,COMPLETED
d83360efa00e4a607b624f6e1abdb252,TZ7DWJPQ6,COMPLETED
d83360efa00e4a607b624f6e1ac44bab,ZN8TA9MCP,Participant Registration-es-DUPLICATE-BY-PHP
d83360efa00e4a607b624f6e1ac5807e,YEYYFC9TH,COMPLETED
d83360efa00e4a607b624f6e1ac7d71c,165DDHR74,COMPLETED
d83360efa00e4a607b624f6e1ad20f67,6QRBWR8JV,Participant Registration-es-DUPLICATE-BY-PHP
d83360efa00e4a607b624f6e1ae686b5,M1AD5S84P,Participant Registration-es-DUPLICATE-BY-PHP
d83360efa00e4a607b624f6e1af59e06,EBZ2G9YED,COMPLETED
85dd35f7f502e0704733e57b58081fcb,E8TY90032,Participant Registration-es-DUPLICATE-BY-PHP
85dd35f7f502e0704733e57b5822a324,VHP4A97RE,Participant Registration-es-DUPLICATE-BY-PHP
85dd35f7f502e0704733e57b5829150b,YW7QX5KQJ,COMPLETED
85dd35f7f502e0704733e57b5834adcf,HHB3KH556,Participant Registration-es-DUPLICATE-BY-PHP
85dd35f7f502e0704733e57b583e81d7,MR970V0MB,COMPLETED
85dd35f7f502e0704733e57b584e8178,FYJH3WPET,COMPLETED
85dd35f7f502e0704733e57b58606b5a,XVQYMJNQJ,Participant Registration-es-DUPLICATE-BY-PHP
85dd35f7f502e0704733e57b5864c3e1,XDN0BAFSD,COMPLETED
85dd35f7f502e0704733e57b58670a4a,2QDPYTWHF,Participant Registration-es-ELIMINATE-BY-PHP
85dd35f7f502e0704733e57b58889911,M6AZ9GZBQ,Participant Registration-es-DUPLICATE-BY-PHP
85dd35f7f502e0704733e57b589154ad,9F8F2W700,Participant Registration-es-DUPLICATE-BY-PHP
85dd35f7f502e0704733e57b589ce094,RFA6Q2NT2,COMPLETED
85dd35f7f502e0704733e57b58b3287b,0AG9MRXFZ,COMPLETED
093cc1ee51173590c87949979e09f7bc,FMMB15MG0,Participant Registration-es-DUPLICATE-BY-PHP
093cc1ee51173590c87949979e1903eb,1JGTMR1AJ,Participant Registration-es-DUPLICATE-BY-PHP
093cc1ee51173590c87949979e286b5e,CM4952BDQ,Participant Registration-es-DUPLICATE-BY-PHP
093cc1ee51173590c87949979e30b88b,GPWKYHQA5,Participant Registration-es-DUPLICATE-BY-PHP
093cc1ee51173590c87949979e502763,3N17ZZW00,COMPLETED
093cc1ee51173590c87949979e544b89,2QT9F4DY1,Participant Registration-es-DUPLICATE-BY-PHP
093cc1ee51173590c87949979e5948f8,F40T4F85W,Participant Registration-es-DUPLICATE-BY-PHP
093cc1ee51173590c87949979e94b2cc,CZTE3PXWJ,Participant Registration-es-DUPLICATE-BY-PHP
093cc1ee51173590c87949979e94d61c,5BZ9YKHJB,Participant Registration-es-ELIMINATE-BY-PHP
093cc1ee51173590c87949979e9e77cd,50SD3PTJE,Participant Registration-es-DUPLICATE-BY-PHP
093cc1ee51173590c87949979eac3771,QKJBJG3G1,Participant Registration-es-DUPLICATE-BY-PHP
093cc1ee51173590c87949979ed3cfb7,M9RDBEMPT,Participant Registration-es-DUPLICATE-BY-PHP
093cc1ee51173590c87949979ed55b0e,7J23TK2Y9,Participant Registration-es-DUPLICATE-BY-PHP
093cc1ee51173590c87949979ed50987,QNQG3GS68,Participant Registration-es-ELIMINATE-BY-PHP
093cc1ee51173590c87949979ea9d95b,W6R3AWB3M,Participant Registration-es-ELIMINATE-BY-PHP
093cc1ee51173590c87949979edd7068,QST98VCNJ,Participant Registration-es-ELIMINATE-BY-PHP
093cc1ee51173590c87949979ee0c89e,KSJ9YM30T,Participant Registration-es-ELIMINATE-BY-PHP
093cc1ee51173590c87949979eecbeaa,M6GJ74RG0,COMPLETED
847fcdde7575718275cdb491e401fbda,39X02QE5$,Participant Registration-es-ELIMINATE-BY-PHP
847fcdde7575718275cdb491e408ca9f,JSAX4KZZ$,Participant Registration-es-DUPLICATE-BY-PHP
847fcdde7575718275cdb491e424f386,VNP5H83RS,Participant Registration-es-DUPLICATE-BY-PHP
847fcdde7575718275cdb491e473385f,HCYB989GM,Participant Registration-es-DUPLICATE-BY-PHP
847fcdde7575718275cdb491e4825f78,2G76AJCWG,Participant Registration-es-DUPLICATE-BY-PHP
847fcdde7575718275cdb491e487602e,61246A2CN,Participant Registration-es-DUPLICATE-BY-PHP
847fcdde7575718275cdb491e490bffd,2P0QCACVF,Participant Registration-es-DUPLICATE-BY-PHP
847fcdde7575718275cdb491e4944447,55XDZNF2Y,Participant Registration-es-DUPLICATE-BY-PHP
847fcdde7575718275cdb491e4b66b34,ZFRHV14MU,COMPLETED
847fcdde7575718275cdb491e4bb6e58,N211V5A4V,Participant Registration-es-ELIMINATE-BY-PHP
847fcdde7575718275cdb491e4ed17d4,NENWX63YW,Participant Registration-es-ELIMINATE-BY-PHP
847fcdde7575718275cdb491e4f2d971,Q702CGETW,Participant Registration-es-ELIMINATE-BY-PHP
847fcdde7575718275cdb491e4fed817,0JP1H5FGJ,Participant Registration-es-ELIMINATE-BY-PHP
7490c674fdccd67b29a925de8f11b3af,QFR7FEANJ,Participant Registration-es-DUPLICATE-BY-PHP
7490c674fdccd67b29a925de8f118a0e,8WMB7HPDA,COMPLETED
7490c674fdccd67b29a925de8f24289f,0CZ0APH59,Participant Registration-es-ELIMINATE-BY-PHP
7490c674fdccd67b29a925de8f2f6e0b,8ZBPCXPZY,Participant Registration-es-ELIMINATE-BY-PHP
7490c674fdccd67b29a925de8f3a06c7,WF46AZBAB,Participant Registration-es-ELIMINATE-BY-PHP
7490c674fdccd67b29a925de8f47df10,GADMBGAM~,Participant Registration-es-DUPLICATE-BY-PHP
7490c674fdccd67b29a925de8f481fca,XMB15017Z,Participant Registration-es-DUPLICATE-BY-PHP
7490c674fdccd67b29a925de8f498551,NHB833QRD,COMPLETED
7490c674fdccd67b29a925de8f4aba08,SRRFKAHTB,COMPLETED
7490c674fdccd67b29a925de8f4c1bb3,P050X4ZWB,Participant Registration-es-ELIMINATE-BY-PHP
7490c674fdccd67b29a925de8f4e6d00,5QACYA57G,Participant Registration-es-ELIMINATE-BY-PHP
7490c674fdccd67b29a925de8f4f806a,X4AMRH8M7,Participant Registration-es-DUPLICATE-BY-PHP
7490c674fdccd67b29a925de8f5207f8,ZJWAQYY1*,Participant Registration-es-ELIMINATE-BY-PHP
7490c674fdccd67b29a925de8f4f7469,CSS8X8K15,COMPLETED
7490c674fdccd67b29a925de8f54b311,FA9F2M3JW,Participant Registration-es-ELIMINATE-BY-PHP
7490c674fdccd67b29a925de8f49236f,PRRHJWDB8,Participant Registration-es-DUPLICATE-BY-PHP
7490c674fdccd67b29a925de8f5ca21a,26X5C00S3,Participant Registration-es-ELIMINATE-BY-PHP
7490c674fdccd67b29a925de8f62c36b,F0MRW5CWZ,Participant Registration-es-ELIMINATE-BY-PHP
7490c674fdccd67b29a925de8f79d2af,BMW8K9X93,Participant Registration-es-ELIMINATE-BY-PHP
7490c674fdccd67b29a925de8f9365f5,S3WN1X33J,Participant Registration-es-DUPLICATE-BY-PHP
7490c674fdccd67b29a925de8f958b31,GTADRRGYV,Participant Registration-es-ELIMINATE-BY-PHP
7490c674fdccd67b29a925de8f96be55,2CT8AF261,Participant Registration-es-ELIMINATE-BY-PHP
7490c674fdccd67b29a925de8f9897a8,YEJWBBW2Y,Participant Registration-es-ELIMINATE-BY-PHP
7490c674fdccd67b29a925de8f99ad6e,YYKQNSCDZ,Participant Registration-es-ELIMINATE-BY-PHP
7490c674fdccd67b29a925de8f9bd740,W0ZNQN3JG,Participant Registration-es-ELIMINATE-BY-PHP
7490c674fdccd67b29a925de8f9d354e,JHMSAY6AD,Participant Registration-es-DUPLICATE-BY-PHP
7490c674fdccd67b29a925de8f9cded5,CXWF2W3VZ,Participant Registration-es-DUPLICATE-BY-PHP
7490c674fdccd67b29a925de8fa01c16,Y4RWR8FWP,Participant Registration-es-ELIMINATE-BY-PHP
7490c674fdccd67b29a925de8fa5a5d2,1FY1ZGJNB,Participant Registration-es-ELIMINATE-BY-PHP
7490c674fdccd67b29a925de8fa6052d,V1J5MHMFU,Participant Registration-es-DUPLICATE-BY-PHP
7490c674fdccd67b29a925de8fa63d05,ST4BBW9RV,Participant Registration-es-ELIMINATE-BY-PHP
7490c674fdccd67b29a925de8fa93a83,52HR1D9TR,Participant Registration-es-ELIMINATE-BY-PHP
7490c674fdccd67b29a925de8faab3da,AJ3BZYJAB,Participant Registration-es-ELIMINATE-BY-PHP
7490c674fdccd67b29a925de8fb31377,HMPPN0TA0,Participant Registration-es-DUPLICATE-BY-PHP
7490c674fdccd67b29a925de8fb36dce,3VFTE60VD,Participant Registration-es-ELIMINATE-BY-PHP
7490c674fdccd67b29a925de8fb51db4,SXXD2SQMB,Participant Registration-es-ELIMINATE-BY-PHP
7490c674fdccd67b29a925de8fb7faaa,SE05H0PPR,Participant Registration-es-ELIMINATE-BY-PHP
7490c674fdccd67b29a925de8fb8ad7b,AHZ97GSKA,Participant Registration-es-DUPLICATE-BY-PHP
7490c674fdccd67b29a925de8fbb576d,QJ30EW2DJ,Participant Registration-es-ELIMINATE-BY-PHP
7490c674fdccd67b29a925de8fbdb9e2,AYNMKVPBQ,Participant Registration-es-DUPLICATE-BY-PHP
7490c674fdccd67b29a925de8fbe7d7a,GXDNCBPD*,Participant Registration-es-DUPLICATE-BY-PHP
7490c674fdccd67b29a925de8fbf150d,4427M1NA4,Participant Registration-es-ELIMINATE-BY-PHP
7490c674fdccd67b29a925de8fc0ae98,VZQ1AGJYY,Participant Registration-es-DUPLICATE-BY-PHP
7490c674fdccd67b29a925de8fc5966a,97QGY0RE7,Participant Registration-es-ELIMINATE-BY-PHP
7490c674fdccd67b29a925de8fc611e2,1B8SH8DH3,Participant Registration-es-ELIMINATE-BY-PHP
7490c674fdccd67b29a925de8fc7ef61,P6HCAC1FN,Participant Registration-es-ELIMINATE-BY-PHP
7490c674fdccd67b29a925de8fcb0991,JSYZ56A0D,Participant Registration-es-ELIMINATE-BY-PHP
7490c674fdccd67b29a925de8fcb9f39,VSGYJBYKZ,Participant Registration-es-ELIMINATE-BY-PHP
7490c674fdccd67b29a925de8fcfaece,JQQ8R880~,Participant Registration-es-DUPLICATE-BY-PHP
7490c674fdccd67b29a925de8fd53ecd,T2FY8C8JB,Participant Registration-es-DUPLICATE-BY-PHP
7490c674fdccd67b29a925de8fd767df,BTYRR5MTB,Participant Registration-es-DUPLICATE-BY-PHP
7490c674fdccd67b29a925de8fda7a9b,PH0AH9Z4Z,Participant Registration-es-ELIMINATE-BY-PHP
7490c674fdccd67b29a925de8fdd3c3a,5PBAZAQGC,Participant Registration-es-DUPLICATE-BY-PHP
7490c674fdccd67b29a925de8fde0420,TGHH4410K,Participant Registration-es-ELIMINATE-BY-PHP
7490c674fdccd67b29a925de8fde9350,6DKR6575$,Participant Registration-es-ELIMINATE-BY-PHP
7490c674fdccd67b29a925de8fdfaf02,VD6ZDQCB$,Participant Registration-es-ELIMINATE-BY-PHP
7490c674fdccd67b29a925de8fe1e60b,HX0CX1M68,Participant Registration-es-ELIMINATE-BY-PHP
7490c674fdccd67b29a925de8fde3093,H6X4HDX6D,Participant Registration-es-ELIMINATE-BY-PHP
7490c674fdccd67b29a925de8fea2237,NEHVRY8RU,Participant Registration-es-DUPLICATE-BY-PHP
7490c674fdccd67b29a925de8fee96e2,CA1ZD5P6U,Participant Registration-es-ELIMINATE-BY-PHP
7490c674fdccd67b29a925de8fefd6f4,BN9RNNR9F,Participant Registration-es-DUPLICATE-BY-PHP
7490c674fdccd67b29a925de8ff795d0,TK8609C38,Participant Registration-es-ELIMINATE-BY-PHP
7490c674fdccd67b29a925de8ffb0bcb,CZD0WCWTZ,Participant Registration-es-ELIMINATE-BY-PHP
7490c674fdccd67b29a925de8fffc32e,R6JFQMSVE,Participant Registration-es-DUPLICATE-BY-PHP
91cdecde33731a3c0cbbaa6c1905362e,MBVGM868R,Participant Registration-es-DUPLICATE-BY-PHP
91cdecde33731a3c0cbbaa6c1905f191,3P84G5KPC,Participant Registration-es-ELIMINATE-BY-PHP
91cdecde33731a3c0cbbaa6c19096f50,RAABMHV0Z,Participant Registration-es-DUPLICATE-BY-PHP
,,NOT PROCESSED
