UUID,Aï¿½o de Nacimiento
12FC1BC0D,1991
NFVBPJJY*,1976
EXTGHQ79M,1990
CHKD4SZY3,1993
0C3SWREQZ,1991
ZJ47922QU,1991
TKNBMDSQQ,1991
D14G9CENZ,1991
EMSV9VVNJ,1991
M6Q8GZYW8,1990
VDEK6YAYT,1990
CM1WZJFMN,1990
4FVBMNWJ9,1990
4X3255D70,1990
ST94JEHHY,1990
BJYQ3ZTEF,1990
76TCTX9A=,1990
8S2MAKR6G,1990
D4SX993T8,1990
SZH50V5MY,1990
312ZDXPP*,1990
WECTN3X1F,1990
4BZX9FYTC,1990
R59NG53S0,1990
KB15M5773,1990
77M30M4ZU,1990
78K8C2KWE,1990
GH6D1A7J1,1990
Y72ZBKEJJ,1990
14SK0WBWD,1990
YT8TC2580,1990
0A0QN84W6,1990
8MTNXGP2W,1990
NHRCRZCD4,1990
267HJJAZP,1990
7C6H15K11,1990
4XTS9BCBV,1990
WWHFZMA2W,1994
6VMEPD4Z6,1990
X229FTAZU,1990
B2RA8C4XH,1997
DVS7Q2W8M,1991