DVS7Q2W8M,1991
VQFTTG6SZ,1991
BDBAP24SM,1990
HPZ76SMV$,1982
VMMHRZN81,1990
VPTRF8BPT,1989
0KJ0WT7CV,1999
9H312CXWE,1990
ERFFT5MH4,1998
9975MEFM=,1991
A8XDJCAZN,1980
B37CGTACK,1987
AX6EEBG3M,1998
3XD9NTBAQ,1981
4643KPSTS,1980
C8J4ASDRZ,1990
7XWP9CGBY,1997
VTWN4W17$,1991
24KAJXR20,2000
MPR7W2KJT,1990
03EXQRVT~,1990
D3J8M5B5~,1990
TQ1ZEREZ9,1999
3MVABDX9=,1990
5ENC940TZ,1998
0B80S4W57,1990
W6BGX8A9T,2002
HH2YCQD3=,1998
XD29J0EGP,1997
1TC2EPMCT,1998
6EMKK09P7,1998
NTWMVZ7W1,1997
NFVHZPQJK,1997
V5MGT9XC3,1999
G3NFVP1S1,1990
EZ9M2A0PT,1989
RHFZ3M6M9,1990
X8SRM0RX6,1999
V22EMZ19K,1990
BWAYDCFP~,1992
TJV7VV6C3,1979
6TA3VG5TK,1999
A4DXQB5R$,1992
4REJE1KA~,1999
A3MHGD4FP,1998
1RXF99CKA,1955
JC0VETSKB,1990
MPCNBVQGG,1997
DSR5KVSAJ,1997
TV2QYJFZP,1988
THCBTJG94,1997
ESGMRZQQJ,1997
CS35B3AHR,1999
NKN9CFKB5,1991
B1V3KANYW,1997
0JF87AHZ9,1997
DN4GTY2AZ,1992
99EQ9P6RS,1990
24MGF2AK5,1997
EVW8NV5QV,1966
S3SPERRC*,1979
S6P8EN4MM,1991
V5V1BZX9=,1992
K4MCFYT6T,1998
538R4GAZU,1990
C02HA6GS7,2000
GYZC5ZEWK,1991
FBCRYWATZ,1991
AA795B5KB,1991
4YZHE240F,1991
2BZT91YBW,1991
31ZT8QTPE,1991
6QVAB0PES,1998
